<?xml version="1.0" encoding="UTF-8"?>
<addon id="plugin.video.onf"
version="0.1.0"
name="ONF.ca"
provider-name="fndemers">
<requires>
    <import addon="xbmc.python" version="3.0.0"/>
    <import addon="script.module.routing" version="0.2.3"/>
    <import addon="script.module.beautifulsoup4" version="4.6.2"/>
    <import addon="script.module.html5lib" version="0.999.0"/>
</requires>
<extension point="xbmc.python.pluginsource" library="main.py">
  <provides>video</provides>
</extension>
<extension point="xbmc.addon.metadata">
  <summary lang="en">Kodi plugin for ONF.ca videos</summary>
  <description lang="en_GB">Kodi plugin for ONF.ca videos taken from their web site</description>
  <disclaimer lang="en_GB">Kodi plugin for ONF.ca videos</disclaimer>
  <summary lang="fr">Module Kodi pour les vidéos ONF.ca</summary>
  <description lang="fr_CA">Module Kodi présentant les vidéos venant du site ONF.ca</description>
  <disclaimer lang="fr_CA">Module Kodi présentant les vidéos venant du site ONF.ca</disclaimer>
  <assets>
    <icon>icon.png</icon>
    <fanart>fanart.jpg</fanart>
  </assets>
  <news>ONF.ca</news>
</extension>
</addon>
